{
  "n_samples": 227845,
  "class_distribution": {
    "0": 227451,
    "1": 394
  },
  "feature_means": {
    "V1": 0.0007952909219965246,
    "V2": -0.0004810136871296808,
    "V3": -0.0003830223918743661,
    "V4": -1.972239973220739e-05,
    "V5": 0.00017458436851300544,
    "V6": -0.0011711861719560283,
    "V7": 7.67387573715109e-05,
    "V8": -0.0004339283969019277,
    "V9": 0.0007017569652427178,
    "V10": -0.0003894407751757382,
    "V11": -0.0007872473742936234,
    "V12": 0.0027181278900562447,
    "V13": -0.000493121683203335,
    "V14": -5.861749771665661e-05,
    "V15": 0.0007440645245214755,
    "V16": -0.001069903399770179,
    "V17": 0.00039024827920928833,
    "V18": 5.6236912094208546e-05,
    "V19": 0.0006635111865565202,
    "V20": -0.0009989386379944565,
    "V21": 0.0003697418725961339,
    "V22": 0.00030270670910118036,
    "V23": 5.038934129837947e-05,
    "V24": -0.00027727715710864427,
    "V25": -0.0006553962309823354,
    "V26": 0.00012609535726178784,
    "V27": -7.047339709469762e-05,
    "V28": 0.00015372100000017675,
    "Amount": 88.1762977023854
  },
  "feature_stds": {
    "V1": 1.9589255298471793,
    "V2": 1.6490923774320694,
    "V3": 1.5152923493116184,
    "V4": 1.4158670800069588,
    "V5": 1.379569195341877,
    "V6": 1.3312177158079048,
    "V7": 1.2384307367551575,
    "V8": 1.1914819598824433,
    "V9": 1.0973513033840339,
    "V10": 1.086251992231845,
    "V11": 1.019199754157525,
    "V12": 0.9965089903821993,
    "V13": 0.9941028954430218,
    "V14": 0.9559931389909263,
    "V15": 0.9151428262928791,
    "V16": 0.8742433578288599,
    "V17": 0.8442349436324603,
    "V18": 0.8388737356526489,
    "V19": 0.8139305782690953,
    "V20": 0.7708058974664663,
    "V21": 0.7349625797557899,
    "V22": 0.7257354976572981,
    "V23": 0.6274185480111348,
    "V24": 0.6053216714098508,
    "V25": 0.5212357386214592,
    "V26": 0.4819390828440435,
    "V27": 0.4049339049768755,
    "V28": 0.32693917703628217,
    "Amount": 250.72260154364383
  },
  "performance": {
    "roc_auc": 0.9811357998461061,
    "precision": 0.5087719298245614,
    "recall": 0.8877551020408163
  }
}